User Story,Strategy,Config,Prompt,Output,Prompt Length,Output Length,FR Count,NFR Count,Specificity Score,Testability Score,Measurability Score,Latency (seconds),Prompt Tokens ,Completion Tokens ,Total Tokens ,Config Details
"{'text': 'As a user, I want to be able to search for specific words or phrases within a book so that I can quickly find information.', 'context': 'Application for E-book reading'}",Zero-shot,precise,"Convert the following user story into specific, measurable, achievable, relevant, and time-bound software requirements:

USER STORY:
As a user, I want to be able to search for specific words or phrases within a book so that I can quickly find information.

OUTPUT FORMAT:
1. List functional requirements (FR) first
2. List non-functional requirements (NFR) second
3. Each requirement should be specific, measurable, and testable

I want you to only share the functional (FR) and nonfunctional (NFR) requirements as follows and do not share your reasoning with me: 

FR-1: 
FR-2:
NFR-1: 
NFR-2:
and so on..
","FR-1: The system shall provide a search input field where the user can enter a search query consisting of one or more words or phrases.
FR-2: The system shall, upon submission of a search query, return a list of all occurrences of the search query within the currently opened book.
FR-3: Each search result shall display the page number and a short snippet (e.g., 50 characters before and after) of the text where the search query was found.
FR-4: The system shall highlight the search query within each displayed search result snippet.
FR-5: The search function shall support case-insensitive searching.
FR-6: The system shall display ""No results found"" if the search query does not exist within the book.
FR-7: The system shall complete the search and display the results within 2 seconds for books up to 500 pages.

NFR-1: The search function shall be accessible and usable on all supported devices (desktop, tablet, mobile).
NFR-2: The search function shall maintain a response time of under 3 seconds for 95% of searches performed on books up to 500 pages, measured using automated performance testing.
NFR-3: The search function shall consume no more than 10% of CPU resources during the search process on a standard test machine (Intel i5, 8GB RAM).
NFR-4: The search results shall be displayed in a clear and readable format, adhering to accessibility guidelines (WCAG 2.1 AA).
",606,1386,11,4,4,2,2,2.55,156,330,486,"{'model_name': 'gemini-2.0-flash-001', 'temperature': 0.2, 'top_p': 0.95, 'top_k': 40}"
"{'text': 'As a user, I want to be able to search for specific words or phrases within a book so that I can quickly find information.', 'context': 'Application for E-book reading'}",Zero-shot,default,"Convert the following user story into specific, measurable, achievable, relevant, and time-bound software requirements:

USER STORY:
As a user, I want to be able to search for specific words or phrases within a book so that I can quickly find information.

OUTPUT FORMAT:
1. List functional requirements (FR) first
2. List non-functional requirements (NFR) second
3. Each requirement should be specific, measurable, and testable

I want you to only share the functional (FR) and nonfunctional (NFR) requirements as follows and do not share your reasoning with me: 

FR-1: 
FR-2:
NFR-1: 
NFR-2:
and so on..
","FR-1: The system shall provide a search input field where the user can enter a search query of up to 255 characters.

FR-2: The system shall return a list of all occurrences of the search query within the book, displaying at least 10 occurrences per page.

FR-3: Each search result shall display a snippet of text (approximately 50 characters before and after the matching query) where the search query was found.

FR-4: The system shall highlight the search query within each displayed search result snippet.

FR-5: The system shall provide pagination for search results, allowing the user to navigate to the next and previous pages of results.

FR-6: The system shall display the total number of search results found for a given query.

FR-7: The search function shall support case-insensitive searching.

NFR-1: The search function shall return results within 2 seconds for books up to 500 pages in length, tested with a simulated user load of 50 concurrent users.

NFR-2: The search function shall be accessible and usable on all supported browsers (Chrome, Firefox, Safari, Edge) and screen sizes.

NFR-3: The system shall maintain an average response time of less than 3 seconds for search queries during peak usage (defined as 100 concurrent users).

NFR-4: The search functionality shall be available 99.9% of the time.
",606,1328,11,4,4,1,2,2.42,156,309,465,"{'model_name': 'gemini-2.0-flash-001', 'temperature': 0.7, 'top_p': 0.95, 'top_k': 40}"
"{'text': 'As a user, I want to be able to search for specific words or phrases within a book so that I can quickly find information.', 'context': 'Application for E-book reading'}",Zero-shot,creative,"Convert the following user story into specific, measurable, achievable, relevant, and time-bound software requirements:

USER STORY:
As a user, I want to be able to search for specific words or phrases within a book so that I can quickly find information.

OUTPUT FORMAT:
1. List functional requirements (FR) first
2. List non-functional requirements (NFR) second
3. Each requirement should be specific, measurable, and testable

I want you to only share the functional (FR) and nonfunctional (NFR) requirements as follows and do not share your reasoning with me: 

FR-1: 
FR-2:
NFR-1: 
NFR-2:
and so on..
","FR-1: The system shall provide a search field where the user can input a text string of up to 255 characters to search for.
FR-2: The system shall return a list of all occurrences of the search string within the book content.
FR-3: Each search result shall display the page number and a short context snippet (e.g., 50 characters before and after the search term) where the search term was found.
FR-4: The search results shall be ordered by page number, ascending.
FR-5: If no matches are found, the system shall display a message ""No results found for '[search string]'"".
FR-6: The search function shall support case-insensitive searches.

NFR-1: The search function shall return results within 2 seconds for books up to 500 pages in length.
NFR-2: The search function shall consume no more than 100MB of RAM during execution.
NFR-3: The search functionality shall be accessible on all supported web browsers (Chrome, Firefox, Safari, Edge) and mobile operating systems (Android, iOS).
",606,988,9,3,4,1,2,1.86,156,242,398,"{'model_name': 'gemini-2.0-flash-001', 'temperature': 1.0, 'top_p': 0.95, 'top_k': 40}"
"{'text': 'As a user, I want to be able to search for specific words or phrases within a book so that I can quickly find information.', 'context': 'Application for E-book reading'}",Few-shot,precise,"
Convert the following user story into specific, measurable, achievable, relevant, and time-bound, functional and non-functional software requirements.

EXAMPLE 1:
User Story: As a user, I want to log in with my email and password.

Requirements:
FR-1: The system shall provide a login form with fields for email and password.
FR-2: The system shall validate that the email field contains a valid email format.
FR-3: The system shall verify credentials against the user database within 2 seconds.
FR-4: The system shall grant access to authorized functionality if credentials are correct.
FR-5: The system shall display an error message if credentials are incorrect.
NFR-1: The login process shall complete within 3 seconds under normal load conditions.
NFR-2: The system shall encrypt password data during transmission.

EXAMPLE 2:
User Story: As an admin, I want to view reports of user activity.

Requirements:
FR-1: The system shall provide a dashboard displaying user activity metrics.
FR-2: The system shall allow filtering of reports by date range and activity type.
FR-3: The system shall enable exporting reports in CSV and PDF formats.
NFR-1: The system shall generate reports within 5 seconds for data spanning up to 30 days.
NFR-2: The dashboard shall refresh automatically every 5 minutes.

Now convert this user story into similar well-structured requirements:
As a user, I want to be able to search for specific words or phrases within a book so that I can quickly find information.
","Okay, here's the breakdown of the user story ""As a user, I want to be able to search for specific words or phrases within a book so that I can quickly find information"" into specific, measurable, achievable, relevant, and time-bound functional and non-functional software requirements:

**Functional Requirements (FR):**

*   **FR-1: Search Input:** The system shall provide a search input field visible on the book reading interface.
*   **FR-2: Search Trigger:** The system shall allow the user to initiate a search by pressing the ""Enter"" key or clicking a ""Search"" button.
*   **FR-3: Search Scope:** The system shall search the entire text content of the currently opened book.
*   **FR-4: Search Results Display:** The system shall display search results, highlighting the matched words or phrases within the context of the surrounding text.
*   **FR-5: Search Result Navigation:** The system shall provide navigation controls (e.g., ""Next,"" ""Previous"") to allow the user to move between search results.
*   **FR-6: Case-Insensitive Search:** The system shall perform searches in a case-insensitive manner by default.
*   **FR-7: Phrase Search:** The system shall support searching for multi-word phrases enclosed in quotation marks (e.g., ""search term"").
*   **FR-8: Search Result Count:** The system shall display the total number of search results found.
*   **FR-9: No Results Handling:** The system shall display a clear message (e.g., ""No results found"") if the search query returns no matches.

**Non-Functional Requirements (NFR):**

*   **NFR-1: Search Performance:** The system shall return search results within 2 seconds for books up to 500 pages in length.
*   **NFR-2: Concurrency:** The system shall support at least 10 concurrent users performing searches without significant performance degradation (defined as an increase in search time of more than 1 second).
*   **NFR-3: Resource Usage:** The search functionality shall not consume more than 20% of CPU resources during peak usage.
*   **NFR-4: Accuracy:** The search function shall accurately identify all occurrences of the search term within the book's text.
*   **NFR-5: Scalability:** The system shall be designed to handle books up to 1000 pages without significant performance degradation.
",1498,2274,14,5,4,1,2,3.48,342,534,876,"{'model_name': 'gemini-2.0-flash-001', 'temperature': 0.2, 'top_p': 0.95, 'top_k': 40}"
"{'text': 'As a user, I want to be able to search for specific words or phrases within a book so that I can quickly find information.', 'context': 'Application for E-book reading'}",Few-shot,default,"
Convert the following user story into specific, measurable, achievable, relevant, and time-bound, functional and non-functional software requirements.

EXAMPLE 1:
User Story: As a user, I want to log in with my email and password.

Requirements:
FR-1: The system shall provide a login form with fields for email and password.
FR-2: The system shall validate that the email field contains a valid email format.
FR-3: The system shall verify credentials against the user database within 2 seconds.
FR-4: The system shall grant access to authorized functionality if credentials are correct.
FR-5: The system shall display an error message if credentials are incorrect.
NFR-1: The login process shall complete within 3 seconds under normal load conditions.
NFR-2: The system shall encrypt password data during transmission.

EXAMPLE 2:
User Story: As an admin, I want to view reports of user activity.

Requirements:
FR-1: The system shall provide a dashboard displaying user activity metrics.
FR-2: The system shall allow filtering of reports by date range and activity type.
FR-3: The system shall enable exporting reports in CSV and PDF formats.
NFR-1: The system shall generate reports within 5 seconds for data spanning up to 30 days.
NFR-2: The dashboard shall refresh automatically every 5 minutes.

Now convert this user story into similar well-structured requirements:
As a user, I want to be able to search for specific words or phrases within a book so that I can quickly find information.
","Okay, here's the breakdown of the user story ""As a user, I want to be able to search for specific words or phrases within a book so that I can quickly find information,"" into specific, measurable, achievable, relevant, and time-bound functional and non-functional requirements:

**Requirements:**

**Functional Requirements (FR):**

*   **FR-1: Search Input:** The system shall provide a search input field where users can enter words or phrases to search for within the book.
*   **FR-2: Search Initiation:** The system shall initiate a search upon the user's action (e.g., pressing the ""Enter"" key or clicking a ""Search"" button).
*   **FR-3: Search Scope:** The system shall search the entire text content of the currently open book.
*   **FR-4: Search Results Display:** The system shall display search results, highlighting the occurrences of the searched word(s) or phrase(s) within the book's text.
*   **FR-5: Contextual Display:** The system shall display the search results with sufficient surrounding context (e.g., a sentence or paragraph) to allow the user to understand the meaning of the found word or phrase.
*   **FR-6: Navigation:** The system shall provide a mechanism to navigate between multiple search results (e.g., ""Next"" and ""Previous"" buttons).
*   **FR-7: Case-Insensitive Search:** The system shall, by default, perform case-insensitive searches.
*   **FR-8: Exact Phrase Search:** The system shall allow users to search for exact phrases by enclosing the search term in quotation marks ("").
*   **FR-9: Result Count:** The system shall display the total number of search results found.
*   **FR-10: No Results:** The system shall display a clear message indicating that no results were found if the search yields no matches.
*   **FR-11: Open Book Requirement:** The search functionality shall only be available when a book is currently open.

**Non-Functional Requirements (NFR):**

*   **NFR-1: Search Speed:** The system shall display initial search results within 2 seconds for books up to 500 pages in length.
*   **NFR-2: Result Highlighting:** The highlighting of search terms within the displayed text shall be visually distinct and easily identifiable.
*   **NFR-3: Concurrency:** The search functionality shall not significantly degrade the performance of other system functions (e.g., page turning, bookmarking) under normal user load.
*   **NFR-4: Scalability:** The search functionality should be able to handle books of up to 1000 pages without significant performance degradation (defined as an increase of more than 1 second in search time).
*   **NFR-5: Error Handling:** The system shall gracefully handle invalid search input (e.g., empty search query) without crashing or displaying cryptic error messages. A user-friendly message shall be displayed instead.
",1498,2807,16,5,3,2,1,4.19,342,651,993,"{'model_name': 'gemini-2.0-flash-001', 'temperature': 0.7, 'top_p': 0.95, 'top_k': 40}"
"{'text': 'As a user, I want to be able to search for specific words or phrases within a book so that I can quickly find information.', 'context': 'Application for E-book reading'}",Few-shot,creative,"
Convert the following user story into specific, measurable, achievable, relevant, and time-bound, functional and non-functional software requirements.

EXAMPLE 1:
User Story: As a user, I want to log in with my email and password.

Requirements:
FR-1: The system shall provide a login form with fields for email and password.
FR-2: The system shall validate that the email field contains a valid email format.
FR-3: The system shall verify credentials against the user database within 2 seconds.
FR-4: The system shall grant access to authorized functionality if credentials are correct.
FR-5: The system shall display an error message if credentials are incorrect.
NFR-1: The login process shall complete within 3 seconds under normal load conditions.
NFR-2: The system shall encrypt password data during transmission.

EXAMPLE 2:
User Story: As an admin, I want to view reports of user activity.

Requirements:
FR-1: The system shall provide a dashboard displaying user activity metrics.
FR-2: The system shall allow filtering of reports by date range and activity type.
FR-3: The system shall enable exporting reports in CSV and PDF formats.
NFR-1: The system shall generate reports within 5 seconds for data spanning up to 30 days.
NFR-2: The dashboard shall refresh automatically every 5 minutes.

Now convert this user story into similar well-structured requirements:
As a user, I want to be able to search for specific words or phrases within a book so that I can quickly find information.
","Okay, here's the user story ""As a user, I want to be able to search for specific words or phrases within a book so that I can quickly find information"" converted into specific, measurable, achievable, relevant, and time-bound, functional and non-functional software requirements:

**Functional Requirements:**

*   **FR-1:** The system shall provide a search field within the book viewing interface where users can enter search queries (words or phrases).
*   **FR-2:** The system shall support case-insensitive searching.
*   **FR-3:** The system shall highlight all occurrences of the search query within the book's content.
*   **FR-4:** The system shall display the total number of search results found within the book.
*   **FR-5:** The system shall allow users to navigate between search results using ""Next"" and ""Previous"" buttons or similar controls.
*   **FR-6:** The system shall, upon clicking a search result, navigate the user to the page containing that highlighted search term.
*   **FR-7:** The system shall handle partial word matches (e.g., searching for ""run"" finds ""running"") as an optional feature, configurable by the user.
*   **FR-8:** The system shall provide a clear indication when no search results are found (e.g., a ""No results found"" message).
*   **FR-9:** The system shall clear the search highlight from the page when the search field is cleared.

**Non-Functional Requirements:**

*   **NFR-1:** The system shall return the initial search results for a book of up to 500 pages within 2 seconds.
*   **NFR-2:** Navigation between search results shall be instantaneous (less than 0.5 seconds).
*   **NFR-3:** The search functionality shall be accessible and usable across all supported devices (desktops, tablets, and mobile phones) with consistent visual presentation.
*   **NFR-4:** The search functionality shall be usable with screen readers and other assistive technologies, conforming to WCAG accessibility guidelines.
*   **NFR-5:** The search index data shall be updated within 15 minutes of any book content changes to ensure accurate and up-to-date search results.

**Explanation of elements used to create the requirements:**

*   **FR-#:** Functional Requirement Number. Identifies each function.
*   **NFR-#:** Non-Functional Requirement Number. Identifies each non-functional requirement.
*   **""The system shall...""** This establishes a clear, testable requirement on the software.
*   **Specific language:** Terms like ""search field,"" ""case-insensitive,"" ""highlight,"" ""Next/Previous buttons,"" and ""No results found"" provide concrete details.
*   **Measurable aspects:** Examples include ""within 2 seconds,"" ""less than 0.5 seconds,"" ""updated within 15 minutes,"" and ""book of up to 500 pages."" These allow for testing and validation.
*   **Achievable:** The time constraints and feature set are based on what's generally possible with modern search technologies.
*   **Relevant:** These requirements directly address the user's need to quickly find information within a book.
*   **Time-bound:** Time constraints and update frequencies are explicitly defined.
",1498,3107,14,5,4,1,2,4.50,342,716,1058,"{'model_name': 'gemini-2.0-flash-001', 'temperature': 1.0, 'top_p': 0.95, 'top_k': 40}"
"{'text': 'As a user, I want to be able to search for specific words or phrases within a book so that I can quickly find information.', 'context': 'Application for E-book reading'}",Chain-of-Thought,precise,"
Convert the following user story into specific, measurable, achievable, relevant, and time-bound software requirements by following these steps:

USER STORY:
As a user, I want to be able to search for specific words or phrases within a book so that I can quickly find information.

Follow these steps to derive the requirements:

1. Identify the actor (Who is performing the action?)
   - Who is the primary user in this story?
   - What is their role in the system?

2. Identify the action (What do they want to do?)
   - What specific functionality is being requested?
   - What system components would be involved?

3. Identify the goal (Why do they want to do it?)
   - What is the underlying user need?
   - How does this relate to business objectives?

4. Extract assumptions and constraints
   - What implicit needs are not directly stated?
   - What technical or business constraints might apply?

5. Derive detailed functional requirements (FR) from the analysis performed in the previous steps.
   - What specific behaviors must the system exhibit?
   - What are the inputs, processes, and outputs?

6. Derive non-functional requirements (NFR) from the analysis performed in the previous steps.
   - What quality attributes are important (performance, security, usability)?
   - What measurable criteria should apply?

Based on the analysis performed in the steps above, provide a numbered list of clear, specific, and testable functional (FR) and non-functional (NFR) requirements.

Output ONLY the functional (FR) and non-functional (NFR) requirements in the following format and do not share your reasoning with me:

FR-1:
FR-2:
...
NFR-1:
NFR-2:
...
","FR-1: The system shall provide a search input field where the user can enter a search query consisting of one or more words or phrases.
FR-2: The system shall allow the user to initiate a search by pressing the ""Enter"" key or clicking a ""Search"" button.
FR-3: The system shall search the entire text content of the currently opened book for the search query.
FR-4: The system shall return a list of search results, each indicating the page number and a snippet of text where the search query was found.
FR-5: The system shall highlight the search query within the snippet of text in the search results.
FR-6: The system shall display the total number of search results found.
FR-7: If no results are found, the system shall display a message indicating that the search query yielded no results.
FR-8: The system shall allow the user to navigate to the page where the search query was found by clicking on a search result.
FR-9: The system shall support case-insensitive searching.
FR-10: The system shall support searching for whole words only, as an optional setting.

NFR-1: The search function shall return results within 2 seconds for books up to 500 pages in length.
NFR-2: The search function shall be accessible and usable on devices with screen sizes ranging from 320x480 pixels to 1920x1080 pixels.
NFR-3: The search function shall be compatible with the latest versions of Chrome, Firefox, Safari, and Edge browsers.
NFR-4: The search function shall be easily discoverable and intuitive to use, requiring minimal user training.
NFR-5: The system shall maintain the user's search history for the current session.
",1665,1622,15,5,3,1,1,2.75,386,387,773,"{'model_name': 'gemini-2.0-flash-001', 'temperature': 0.2, 'top_p': 0.95, 'top_k': 40}"
"{'text': 'As a user, I want to be able to search for specific words or phrases within a book so that I can quickly find information.', 'context': 'Application for E-book reading'}",Chain-of-Thought,default,"
Convert the following user story into specific, measurable, achievable, relevant, and time-bound software requirements by following these steps:

USER STORY:
As a user, I want to be able to search for specific words or phrases within a book so that I can quickly find information.

Follow these steps to derive the requirements:

1. Identify the actor (Who is performing the action?)
   - Who is the primary user in this story?
   - What is their role in the system?

2. Identify the action (What do they want to do?)
   - What specific functionality is being requested?
   - What system components would be involved?

3. Identify the goal (Why do they want to do it?)
   - What is the underlying user need?
   - How does this relate to business objectives?

4. Extract assumptions and constraints
   - What implicit needs are not directly stated?
   - What technical or business constraints might apply?

5. Derive detailed functional requirements (FR) from the analysis performed in the previous steps.
   - What specific behaviors must the system exhibit?
   - What are the inputs, processes, and outputs?

6. Derive non-functional requirements (NFR) from the analysis performed in the previous steps.
   - What quality attributes are important (performance, security, usability)?
   - What measurable criteria should apply?

Based on the analysis performed in the steps above, provide a numbered list of clear, specific, and testable functional (FR) and non-functional (NFR) requirements.

Output ONLY the functional (FR) and non-functional (NFR) requirements in the following format and do not share your reasoning with me:

FR-1:
FR-2:
...
NFR-1:
NFR-2:
...
","FR-1: The system shall provide a search input field visible and accessible on the book reading screen.
FR-2: The system shall allow the user to enter a search query of up to 255 characters.
FR-3: The system shall initiate a search upon the user pressing the ""Enter"" key or clicking a ""Search"" button.
FR-4: The system shall search the entire text content of the currently opened book for the search query.
FR-5: The system shall display the total number of search results found.
FR-6: The system shall highlight all occurrences of the search query within the book text.
FR-7: The system shall provide navigation to the next and previous search result within the book.
FR-8: The system shall display the page number where each search result is found.
FR-9: If no results are found, the system shall display a message indicating ""No results found.""
FR-10: The system shall support case-insensitive searching.

NFR-1: The search function shall return results within 2 seconds for books up to 500 pages in length.
NFR-2: The search function shall be usable on devices with screen sizes ranging from 5 inches to 15 inches.
NFR-3: The search functionality shall be accessible using keyboard navigation.
NFR-4: The search functionality shall maintain the user's current reading position after a search is performed.
",1665,1309,14,4,4,1,1,2.35,386,309,695,"{'model_name': 'gemini-2.0-flash-001', 'temperature': 0.7, 'top_p': 0.95, 'top_k': 40}"
"{'text': 'As a user, I want to be able to search for specific words or phrases within a book so that I can quickly find information.', 'context': 'Application for E-book reading'}",Chain-of-Thought,creative,"
Convert the following user story into specific, measurable, achievable, relevant, and time-bound software requirements by following these steps:

USER STORY:
As a user, I want to be able to search for specific words or phrases within a book so that I can quickly find information.

Follow these steps to derive the requirements:

1. Identify the actor (Who is performing the action?)
   - Who is the primary user in this story?
   - What is their role in the system?

2. Identify the action (What do they want to do?)
   - What specific functionality is being requested?
   - What system components would be involved?

3. Identify the goal (Why do they want to do it?)
   - What is the underlying user need?
   - How does this relate to business objectives?

4. Extract assumptions and constraints
   - What implicit needs are not directly stated?
   - What technical or business constraints might apply?

5. Derive detailed functional requirements (FR) from the analysis performed in the previous steps.
   - What specific behaviors must the system exhibit?
   - What are the inputs, processes, and outputs?

6. Derive non-functional requirements (NFR) from the analysis performed in the previous steps.
   - What quality attributes are important (performance, security, usability)?
   - What measurable criteria should apply?

Based on the analysis performed in the steps above, provide a numbered list of clear, specific, and testable functional (FR) and non-functional (NFR) requirements.

Output ONLY the functional (FR) and non-functional (NFR) requirements in the following format and do not share your reasoning with me:

FR-1:
FR-2:
...
NFR-1:
NFR-2:
...
","FR-1: The system shall provide a search input field visible on the book reading page.
FR-2: The system shall accept text input from the user in the search input field.
FR-3: The system shall support searching for exact matches of words or phrases entered in the search input field.
FR-4: The system shall highlight all occurrences of the searched term(s) within the currently displayed book content.
FR-5: The system shall provide a navigation mechanism (e.g., ""Next"" and ""Previous"" buttons) to allow the user to move between highlighted search results.
FR-6: The system shall display the total number of search results found.
FR-7: The system shall display ""0 results found"" if no matches are found for the search term.
FR-8: The system shall support searching within a single book at a time.
FR-9: The system shall clear the search highlights when the user navigates to a different book or closes the current book.

NFR-1: The search function shall return results within 2 seconds for books up to 500 pages in length.
NFR-2: The search function shall be accessible and usable on devices with screen sizes ranging from mobile phones to desktop monitors.
NFR-3: The search functionality shall be compatible with at least the latest two versions of Chrome, Firefox, Safari, and Edge web browsers.
NFR-4: The highlighting of search results shall be visually distinct and easily distinguishable from the surrounding text.
NFR-5: The system shall handle searches for special characters (e.g., punctuation) without errors.
",1665,1518,14,5,4,1,1,2.57,386,345,731,"{'model_name': 'gemini-2.0-flash-001', 'temperature': 1.0, 'top_p': 0.95, 'top_k': 40}"
"{'text': 'As a user, I want to be able to search for specific words or phrases within a book so that I can quickly find information.', 'context': 'Application for E-book reading'}",Self-Consistency,precise,"
Generate three different sets of specific, measurable, achievable, relevant, and time-bound software requirements for the following user story, then evaluate them and select the most effective set.

USER STORY:
As a user, I want to be able to search for specific words or phrases within a book so that I can quickly find information.

APPROACH 1: Focus on technical implementation details
[Generate requirements with emphasis on system behaviors and technical specifications]

APPROACH 2: Focus on user experience and outcomes
[Generate requirements with emphasis on user interactions and success criteria]

APPROACH 3: Focus on business rules and data handling
[Generate requirements with emphasis on business logic and data flow]

EVALUATION CRITERIA:
- Completeness: Covers all aspects of the user story
- Clarity: Unambiguous and specific
- Testability: Can be verified through testing
- Feasibility: Realistic to implement
- Alignment: Supports the core user need

FINAL RECOMMENDATION:
Based on the evaluation, provide the most effective set of requirements with justification for your choice.

I want you to only share the functional (FR) and nonfunctional (NFR) requirements as follows and do not share your reasoning with me: : 

FR-1: 
FR-2:
NFR-1: 
NFR-2:
and so on..
","Okay, here are the three sets of SMART requirements, followed by the evaluation and final recommendation, presented in the requested format:

**APPROACH 1: Focus on technical implementation details**

FR-1: The system shall implement a full-text search index using an inverted index data structure.
FR-2: The search function shall support regular expression matching.
FR-3: The search function shall return a list of page numbers containing the search term.
NFR-1: The search function shall return results within 2 seconds for books up to 500 pages.
NFR-2: The system shall utilize no more than 50MB of RAM for the search index of a 500-page book.

**APPROACH 2: Focus on user experience and outcomes**

FR-1: The user shall be able to enter a search query in a dedicated search field.
FR-2: The search results shall display the context of the search term within the book (e.g., a sentence or paragraph).
FR-3: The user shall be able to navigate directly to the page containing the search term from the search results.
NFR-1: Search results shall be displayed within 1 second of initiating the search.
NFR-2: The search interface shall be accessible using keyboard navigation.

**APPROACH 3: Focus on business rules and data handling**

FR-1: The system shall support searching across all text content within the book, including chapters, headings, and footnotes.
FR-2: The search function shall ignore case sensitivity.
FR-3: The system shall log all search queries for auditing purposes.
NFR-1: The system shall maintain a search history for each user, storing the last 10 search queries.
NFR-2: The search function shall be disabled if the book file is corrupted or incomplete.
",1280,1681,15,6,3,1,2,2.69,281,396,677,"{'model_name': 'gemini-2.0-flash-001', 'temperature': 0.2, 'top_p': 0.95, 'top_k': 40}"
"{'text': 'As a user, I want to be able to search for specific words or phrases within a book so that I can quickly find information.', 'context': 'Application for E-book reading'}",Self-Consistency,default,"
Generate three different sets of specific, measurable, achievable, relevant, and time-bound software requirements for the following user story, then evaluate them and select the most effective set.

USER STORY:
As a user, I want to be able to search for specific words or phrases within a book so that I can quickly find information.

APPROACH 1: Focus on technical implementation details
[Generate requirements with emphasis on system behaviors and technical specifications]

APPROACH 2: Focus on user experience and outcomes
[Generate requirements with emphasis on user interactions and success criteria]

APPROACH 3: Focus on business rules and data handling
[Generate requirements with emphasis on business logic and data flow]

EVALUATION CRITERIA:
- Completeness: Covers all aspects of the user story
- Clarity: Unambiguous and specific
- Testability: Can be verified through testing
- Feasibility: Realistic to implement
- Alignment: Supports the core user need

FINAL RECOMMENDATION:
Based on the evaluation, provide the most effective set of requirements with justification for your choice.

I want you to only share the functional (FR) and nonfunctional (NFR) requirements as follows and do not share your reasoning with me: : 

FR-1: 
FR-2:
NFR-1: 
NFR-2:
and so on..
","Okay, here are the three sets of SMART requirements, followed by their evaluation and the final recommendation.

**APPROACH 1: Focus on technical implementation details**

FR-1: The system shall index all words within the book content.
FR-2: The search function shall use a case-insensitive algorithm.
FR-3: The search function shall return a list of page numbers containing the search term.
NFR-1: The search function shall return results within 2 seconds for books up to 500 pages.
NFR-2: The system shall utilize a full-text search engine library (e.g., Lucene, Elasticsearch).

**APPROACH 2: Focus on user experience and outcomes**

FR-1: The user shall be presented with a search bar to input their search query.
FR-2: The search results shall highlight the search term within the context of the surrounding text.
FR-3: The user shall be able to navigate directly to the page where the search term is found.
NFR-1: The search results shall be displayed in a clear and readable format.
NFR-2: The search function shall be accessible from every page of the book.

**APPROACH 3: Focus on business rules and data handling**

FR-1: The system shall allow searching for exact phrases (multiple words in sequence).
FR-2: The system shall ignore punctuation and special characters during the search.
FR-3: The system shall not allow searches longer than 100 characters.
NFR-1: The search history shall be stored for the current session.
NFR-2: The system shall log search queries for analysis purposes.
",1280,1500,15,6,3,1,1,2.44,281,358,639,"{'model_name': 'gemini-2.0-flash-001', 'temperature': 0.7, 'top_p': 0.95, 'top_k': 40}"
"{'text': 'As a user, I want to be able to search for specific words or phrases within a book so that I can quickly find information.', 'context': 'Application for E-book reading'}",Self-Consistency,creative,"
Generate three different sets of specific, measurable, achievable, relevant, and time-bound software requirements for the following user story, then evaluate them and select the most effective set.

USER STORY:
As a user, I want to be able to search for specific words or phrases within a book so that I can quickly find information.

APPROACH 1: Focus on technical implementation details
[Generate requirements with emphasis on system behaviors and technical specifications]

APPROACH 2: Focus on user experience and outcomes
[Generate requirements with emphasis on user interactions and success criteria]

APPROACH 3: Focus on business rules and data handling
[Generate requirements with emphasis on business logic and data flow]

EVALUATION CRITERIA:
- Completeness: Covers all aspects of the user story
- Clarity: Unambiguous and specific
- Testability: Can be verified through testing
- Feasibility: Realistic to implement
- Alignment: Supports the core user need

FINAL RECOMMENDATION:
Based on the evaluation, provide the most effective set of requirements with justification for your choice.

I want you to only share the functional (FR) and nonfunctional (NFR) requirements as follows and do not share your reasoning with me: : 

FR-1: 
FR-2:
NFR-1: 
NFR-2:
and so on..
","Okay, here are three sets of S.M.A.R.T. software requirements for the user story, focusing on different approaches, followed by an evaluation and final recommendation.

**APPROACH 1: Focus on technical implementation details**

FR-1: The search function shall utilize a regular expression-based search algorithm.
FR-2: The search function shall return results within 500 milliseconds for books up to 1MB in size.
FR-3: The search function shall index the book content upon initial load.
FR-4: The search function shall support case-insensitive searching.
NFR-1: The system shall utilize less than 50MB of RAM during the indexing process.
NFR-2: The search indexing process shall not block the main UI thread.

**APPROACH 2: Focus on user experience and outcomes**

FR-1: The search results shall display the found phrase in context, with 50 characters before and after.
FR-2: The user shall be able to navigate through search results using ""Next"" and ""Previous"" buttons.
FR-3: The search function shall highlight the found phrase within the book text.
FR-4: The system shall display the total number of search results found.
NFR-1: The search results shall be displayed within 1 second of initiating the search.
NFR-2: The user interface for search shall be intuitive and easy to use, as measured by a System Usability Scale (SUS) score of 70 or higher.

**APPROACH 3: Focus on business rules and data handling**

FR-1: The search function shall exclude results from the book's table of contents and index.
FR-2: The search function shall support searching within specific chapters.
FR-3: The system shall log all search queries for analytics purposes.
FR-4: The search function shall return an error message if the search term is less than 3 characters long.
NFR-1: All search queries shall be logged in accordance with GDPR compliance.
NFR-2: The system shall prevent SQL injection attacks through proper input sanitization of the search term.
",1280,1946,18,6,3,1,1,3.14,281,460,741,"{'model_name': 'gemini-2.0-flash-001', 'temperature': 1.0, 'top_p': 0.95, 'top_k': 40}"
"{'text': 'As a user, I want to be able to search for specific words or phrases within a book so that I can quickly find information.', 'context': 'Application for E-book reading'}",System Prompt,precise,"
You are RequirementsGPT, a specialized AI assistant designed to convert user stories into software requirements. You excel at:
- Extracting implicit needs from vague descriptions
- Ensuring requirements are testable and measurable
- Addressing both functional and quality aspects of the system
- Anticipating edge cases and exception handling needs

USER STORY:
As a user, I want to be able to search for specific words or phrases within a book so that I can quickly find information.

INSTRUCTIONS:
1. Generate functional requirements (FR)
2. Generate non-functional requirements (NFR)
3. Ensure each requirement is specific, measurable, achievable, relevant, and time-bound (SMART)

I want you to only share the functional (FR) and nonfunctional (NFR) requirements as follows: 

FR-1: 
FR-2:
NFR-1: 
NFR-2:
and so on..
","FR-1: The system shall allow users to enter a search query consisting of one or more words or phrases. (SMART: Specific - search query input; Measurable - number of words/phrases; Achievable - standard text input; Relevant - directly addresses user story; Time-bound - Implemented by end of sprint 1).

FR-2: The system shall return a list of all occurrences of the search query within the book, displaying the page number and a short context snippet (e.g., +/- 50 characters) for each occurrence. (SMART: Specific - list of occurrences with page number and snippet; Measurable - number of occurrences returned; Achievable - standard search functionality; Relevant - directly addresses user story; Time-bound - Implemented by end of sprint 2).

FR-3: The system shall highlight the search query within the context snippet for each occurrence. (SMART: Specific - highlighting of search query; Measurable - presence/absence of highlighting; Achievable - standard text highlighting; Relevant - improves usability; Time-bound - Implemented by end of sprint 2).

FR-4: The system shall provide a mechanism to navigate directly to the page where each occurrence of the search query is found. (SMART: Specific - navigation to page; Measurable - successful page navigation; Achievable - standard page navigation; Relevant - improves usability; Time-bound - Implemented by end of sprint 2).

FR-5: The system shall handle search queries that are case-insensitive by default. (SMART: Specific - case-insensitive search; Measurable - search results independent of case; Achievable - standard search configuration; Relevant - improves usability; Time-bound - Implemented by end of sprint 1).

FR-6: The system shall provide an option to perform a case-sensitive search. (SMART: Specific - case-sensitive search option; Measurable - presence/absence of case-sensitive option; Achievable - standard search configuration; Relevant - provides flexibility; Time-bound - Implemented by end of sprint 3).

FR-7: The system shall display a message to the user if the search query yields no results. (SMART: Specific - ""no results"" message; Measurable - presence/absence of message; Achievable - standard error handling; Relevant - provides feedback to user; Time-bound - Implemented by end of sprint 1).

NFR-1: The search functionality shall return results within 2 seconds for books up to 500 pages in length. (SMART: Specific - search speed; Measurable - time in seconds; Achievable - achievable performance target; Relevant - usability; Time-bound - Tested and verified by end of sprint 3).

NFR-2: The search functionality shall consume no more than 50MB of memory during execution. (SMART: Specific - memory consumption; Measurable - memory usage in MB; Achievable - achievable performance target; Relevant - resource usage; Time-bound - Tested and verified by end of sprint 3).

NFR-3: The search functionality shall be available 99.9% of the time (excluding scheduled maintenance). (SMART: Specific - availability; Measurable - percentage uptime; Achievable - standard availability target; Relevant - reliability; Time-bound - Monitored continuously after deployment).

NFR-4: The search functionality shall be compatible with all supported book formats (e.g., EPUB, PDF, TXT). (SMART: Specific - format compatibility; Measurable - number of supported formats; Achievable - based on supported formats; Relevant - usability; Time-bound - Verified during integration testing by end of sprint 4).
",822,3482,11,4,3,1,1,4.61,195,753,948,"{'model_name': 'gemini-2.0-flash-001', 'temperature': 0.2, 'top_p': 0.95, 'top_k': 40}"
"{'text': 'As a user, I want to be able to search for specific words or phrases within a book so that I can quickly find information.', 'context': 'Application for E-book reading'}",System Prompt,default,"
You are RequirementsGPT, a specialized AI assistant designed to convert user stories into software requirements. You excel at:
- Extracting implicit needs from vague descriptions
- Ensuring requirements are testable and measurable
- Addressing both functional and quality aspects of the system
- Anticipating edge cases and exception handling needs

USER STORY:
As a user, I want to be able to search for specific words or phrases within a book so that I can quickly find information.

INSTRUCTIONS:
1. Generate functional requirements (FR)
2. Generate non-functional requirements (NFR)
3. Ensure each requirement is specific, measurable, achievable, relevant, and time-bound (SMART)

I want you to only share the functional (FR) and nonfunctional (NFR) requirements as follows: 

FR-1: 
FR-2:
NFR-1: 
NFR-2:
and so on..
","FR-1: The system shall provide a search input field where users can enter the words or phrases they want to find within the book. (SMART: Specific - Input field for search; Measurable - Presence of input field; Achievable - Standard UI element; Relevant - Directly addresses user story; Time-bound - Implemented by next sprint).

FR-2: The system shall return search results highlighting the searched words or phrases within the context of the surrounding text. (SMART: Specific - Highlighting found terms; Measurable - Highlighting presence/absence; Achievable - Standard text processing; Relevant - Improves search result usability; Time-bound - Implemented by next sprint).

FR-3: The system shall display the number of occurrences of the searched words or phrases found within the book. (SMART: Specific - Count of occurrences; Measurable - Display of a numerical value; Achievable - Standard counting algorithm; Relevant - Provides search result overview; Time-bound - Implemented by next sprint).

FR-4: The system shall allow users to navigate between search results, displaying the relevant page or section containing each occurrence. (SMART: Specific - Navigation between occurrences; Measurable - Ability to move to next/previous result; Achievable - Standard navigation; Relevant - Facilitates information access; Time-bound - Implemented by next sprint).

FR-5: The system shall return a ""no results found"" message if the searched words or phrases do not exist within the book. (SMART: Specific - 'No results' message; Measurable - Message displays when no matches; Achievable - Conditional statement; Relevant - Provides user feedback; Time-bound - Implemented by next sprint).

FR-6: The search functionality shall be case-insensitive by default. (SMART: Specific - Case-insensitive search; Measurable - Searching ""Example"" and ""example"" yield same results; Achievable - Standard string manipulation; Relevant - Improves search accuracy; Time-bound - Implemented by next sprint).

NFR-1: The search functionality shall return results within 2 seconds for books with up to 500 pages. (SMART: Specific - Search response time; Measurable - Time taken to display results; Achievable - Indexing and efficient algorithms; Relevant - Ensures usability; Time-bound - Target response time by end of next sprint).

NFR-2: The search functionality shall be available 99.9% of the time during the system's operational hours (8 AM to 8 PM daily). (SMART: Specific - Availability of search function; Measurable - Uptime percentage; Achievable - Robust infrastructure and monitoring; Relevant - Ensures continuous access; Time-bound - Achieve uptime within 3 months of deployment).

NFR-3: The system shall handle concurrent search requests from up to 100 users without significant performance degradation (defined as an increase in search response time by more than 1 second). (SMART: Specific - Concurrent user support; Measurable - Response time under load; Achievable - Load balancing and efficient resource allocation; Relevant - Supports multiple users; Time-bound - Performance test by end of next sprint).

NFR-4: The search functionality shall adhere to accessibility guidelines (WCAG 2.1 Level AA) to ensure usability for users with disabilities. (SMART: Specific - Accessibility compliance; Measurable - Adherence to WCAG guidelines; Achievable - Implementing accessible design principles; Relevant - Inclusive design; Time-bound - Accessibility audit by end of next sprint).
",822,3486,10,4,5,2,2,4.68,195,719,914,"{'model_name': 'gemini-2.0-flash-001', 'temperature': 0.7, 'top_p': 0.95, 'top_k': 40}"
"{'text': 'As a user, I want to be able to search for specific words or phrases within a book so that I can quickly find information.', 'context': 'Application for E-book reading'}",System Prompt,creative,"
You are RequirementsGPT, a specialized AI assistant designed to convert user stories into software requirements. You excel at:
- Extracting implicit needs from vague descriptions
- Ensuring requirements are testable and measurable
- Addressing both functional and quality aspects of the system
- Anticipating edge cases and exception handling needs

USER STORY:
As a user, I want to be able to search for specific words or phrases within a book so that I can quickly find information.

INSTRUCTIONS:
1. Generate functional requirements (FR)
2. Generate non-functional requirements (NFR)
3. Ensure each requirement is specific, measurable, achievable, relevant, and time-bound (SMART)

I want you to only share the functional (FR) and nonfunctional (NFR) requirements as follows: 

FR-1: 
FR-2:
NFR-1: 
NFR-2:
and so on..
","FR-1: The system shall allow users to enter a search query consisting of one or more words or phrases. The search query input field shall accept alphanumeric characters, spaces, and common punctuation (e.g., periods, commas, question marks). (Deadline: End of next sprint)

FR-2: The system shall return a list of all occurrences of the search query within the currently open book. Each search result shall display the surrounding context (e.g., a sentence or paragraph) where the query was found. (Deadline: End of next sprint)

FR-3: The system shall provide a mechanism for users to navigate directly to each occurrence of the search query within the book. (Deadline: End of next sprint)

FR-4: The search function shall be case-insensitive. Searching for ""Example"" should return results containing ""example,"" ""EXAMPLE,"" and ""ExAmPlE."" (Deadline: End of sprint after next)

FR-5: If the search query is not found within the book, the system shall display a clear and informative message indicating that no results were found. (Deadline: End of next sprint)

FR-6: The system shall limit search query length to 255 characters to prevent resource exhaustion and potential denial-of-service attacks. (Deadline: End of next sprint)

NFR-1: The search function shall return results within 2 seconds for books up to 500 pages in length on a standard desktop computer (Intel i5 processor, 8GB RAM). (Deadline: End of sprint after next)

NFR-2: The search function shall consume no more than 50MB of RAM during operation for books up to 500 pages in length on a standard desktop computer (Intel i5 processor, 8GB RAM). (Deadline: End of sprint after next)

NFR-3: The search functionality must be accessible to users with disabilities, adhering to WCAG 2.1 Level AA accessibility guidelines. Specifically, search results and navigation controls must be screen reader compatible. (Deadline: End of the quarter)

NFR-4: The system shall prevent SQL injection or similar exploits from being executed via the search query input field. All search queries must be sanitized before being processed. (Deadline: End of next sprint)
",822,2118,10,4,5,1,1,3.39,195,479,674,"{'model_name': 'gemini-2.0-flash-001', 'temperature': 1.0, 'top_p': 0.95, 'top_k': 40}"
"{'text': 'As a user, I want to be able to search for specific words or phrases within a book so that I can quickly find information.', 'context': 'Application for E-book reading'}",Role Prompt,precise,"
You are a Senior Requirements Engineer with 15 years of experience in software development. Your expertise is in translating business needs into technical specifications that bridge business goals and development work.

APPROACH THIS TASK AS A PROFESSIONAL WOULD:
- Consider system architecture implications
- Think about integration points with other systems
- Address security and compliance needs
- Consider maintenance and supportability

USER STORY:
As a user, I want to be able to search for specific words or phrases within a book so that I can quickly find information.

Produce a set of professional-grade specific, measurable, achievable, relevant, and time-bound requirements that would be ready for development team implementation. Include:
1. Numbered functional requirements (with FR prefix)
2. Numbered non-functional requirements (with NFR prefix)
3. Potential risks or dependencies

I want you to only share the functional (FR) and nonfunctional (NFR) requirements as follows and do not share your reasoning with me: 

FR-1: 
FR-2:
NFR-1: 
NFR-2:
and so on..
","FR-1: The system shall provide a search input field on the book reading interface.

FR-2: The system shall allow users to enter a search query consisting of one or more words or phrases.

FR-3: The system shall support case-insensitive searching.

FR-4: The system shall return search results within 2 seconds for books up to 500 pages in length, and within 5 seconds for books exceeding 500 pages.

FR-5: The system shall highlight all occurrences of the search query within the book content.

FR-6: The system shall display the number of search results found within the book.

FR-7: The system shall provide navigation to the next and previous search result within the book.

FR-8: The system shall display the context (e.g., surrounding sentences or paragraph) of each search result.

FR-9: The system shall handle special characters and punctuation within the search query appropriately.

FR-10: The system shall support searching within books formatted as EPUB, PDF, and TXT.

FR-11: The system shall provide an error message to the user if the search query is invalid or if no results are found.

NFR-1: The search functionality shall be available 99.9% of the time.

NFR-2: The search functionality shall be responsive and not degrade the overall performance of the book reading application.

NFR-3: The search functionality shall be secure and prevent any potential vulnerabilities, such as injection attacks.

NFR-4: The search functionality shall be accessible to users with disabilities, adhering to WCAG 2.1 AA guidelines.

NFR-5: The system shall log all search queries for auditing and performance monitoring purposes, while adhering to privacy regulations.

NFR-6: The search functionality shall be compatible with the latest versions of Chrome, Firefox, Safari, and Edge browsers.

NFR-7: The search functionality shall be maintainable and easily extensible to support future enhancements, such as stemming or fuzzy search.

NFR-8: The search index shall be updated automatically when new books are added or existing books are modified.
",1077,2053,19,8,4,1,1,3.56,235,457,692,"{'model_name': 'gemini-2.0-flash-001', 'temperature': 0.2, 'top_p': 0.95, 'top_k': 40}"
"{'text': 'As a user, I want to be able to search for specific words or phrases within a book so that I can quickly find information.', 'context': 'Application for E-book reading'}",Role Prompt,default,"
You are a Senior Requirements Engineer with 15 years of experience in software development. Your expertise is in translating business needs into technical specifications that bridge business goals and development work.

APPROACH THIS TASK AS A PROFESSIONAL WOULD:
- Consider system architecture implications
- Think about integration points with other systems
- Address security and compliance needs
- Consider maintenance and supportability

USER STORY:
As a user, I want to be able to search for specific words or phrases within a book so that I can quickly find information.

Produce a set of professional-grade specific, measurable, achievable, relevant, and time-bound requirements that would be ready for development team implementation. Include:
1. Numbered functional requirements (with FR prefix)
2. Numbered non-functional requirements (with NFR prefix)
3. Potential risks or dependencies

I want you to only share the functional (FR) and nonfunctional (NFR) requirements as follows and do not share your reasoning with me: 

FR-1: 
FR-2:
NFR-1: 
NFR-2:
and so on..
","FR-1: The system shall allow users to enter a search query consisting of one or more words or phrases.

FR-2: The system shall return a list of all occurrences of the search query within the currently opened book. Each result shall include the page number and a short snippet (configurable length, default 50 characters before and after the match) of the surrounding text where the query was found.

FR-3: The system shall highlight the search query within the displayed snippet and within the full book content when the user navigates to a specific search result.

FR-4: The search function shall support case-insensitive searching. An option shall be provided to enable case-sensitive searching.

FR-5: The search function shall provide an option to search for whole words only.

FR-6: The system shall display the total number of search results found for a given query.

FR-7: The system shall provide a mechanism for users to navigate sequentially through the search results (e.g., ""Next"" and ""Previous"" buttons).

FR-8: The search function shall be accessible from all book viewing screens.

FR-9: The system shall support searching within books of at least 1000 pages without significant performance degradation (see NFR-3).

FR-10: The system shall sanitize the search query to prevent injection attacks.

NFR-1: The search function shall return initial results within 2 seconds for books up to 500 pages in length.

NFR-2: The search function shall be compatible with UTF-8 encoded books.

NFR-3: The search function shall scale linearly with book size, adding no more than 0.5 seconds to the initial result return time for each additional 500 pages.

NFR-4: The search functionality shall be accessible and usable for users with disabilities, adhering to WCAG 2.1 Level AA guidelines (specifically related to keyboard navigation and screen reader compatibility).

NFR-5: The system shall log all search queries, including the user ID (if authenticated), book ID, search term, timestamp, and number of results. These logs shall be retained for 1 year for auditing and performance monitoring purposes, in compliance with relevant data retention policies.

NFR-6: The search function shall not consume more than 20% of available CPU resources during peak usage.

NFR-7: The system shall handle invalid or malformed search queries gracefully, providing informative error messages to the user.
",1077,2398,17,7,4,1,1,3.60,235,525,760,"{'model_name': 'gemini-2.0-flash-001', 'temperature': 0.7, 'top_p': 0.95, 'top_k': 40}"
"{'text': 'As a user, I want to be able to search for specific words or phrases within a book so that I can quickly find information.', 'context': 'Application for E-book reading'}",Role Prompt,creative,"
You are a Senior Requirements Engineer with 15 years of experience in software development. Your expertise is in translating business needs into technical specifications that bridge business goals and development work.

APPROACH THIS TASK AS A PROFESSIONAL WOULD:
- Consider system architecture implications
- Think about integration points with other systems
- Address security and compliance needs
- Consider maintenance and supportability

USER STORY:
As a user, I want to be able to search for specific words or phrases within a book so that I can quickly find information.

Produce a set of professional-grade specific, measurable, achievable, relevant, and time-bound requirements that would be ready for development team implementation. Include:
1. Numbered functional requirements (with FR prefix)
2. Numbered non-functional requirements (with NFR prefix)
3. Potential risks or dependencies

I want you to only share the functional (FR) and nonfunctional (NFR) requirements as follows and do not share your reasoning with me: 

FR-1: 
FR-2:
NFR-1: 
NFR-2:
and so on..
","FR-1: The system shall provide a search input field on the book reading page, readily accessible to the user.

FR-2: The system shall allow users to enter search queries consisting of single words or phrases.

FR-3: The system shall return all occurrences of the search query within the currently opened book.

FR-4: For each search result, the system shall display the surrounding text (context) of at least 20 characters before and after the matched query.

FR-5: The system shall highlight the matched search query within the displayed context.

FR-6: The system shall allow users to navigate through the search results sequentially (next/previous result).

FR-7: The system shall display the total number of search results found for the given query.

FR-8: The system shall indicate the page number where each search result is located within the book.

FR-9: The system shall allow the user to jump directly to the page containing a selected search result.

FR-10: The search functionality shall support case-insensitive searching.

FR-11: The system shall handle search queries containing special characters (e.g., punctuation, accented characters) appropriately.

FR-12: The system shall provide a visual indication (e.g., progress bar) while the search operation is in progress.

FR-13: The system shall return a ""no results found"" message if the search query yields no matches.

FR-14: The system shall automatically clear the search results when a new book is opened.

FR-15: The search function shall sanitize user input to prevent injection attacks.

NFR-1: The average search response time for a book with 500 pages shall be less than 2 seconds.

NFR-2: The search functionality shall be compatible with all supported web browsers (Chrome, Firefox, Safari, Edge) and operating systems (Windows, macOS, iOS, Android).

NFR-3: The search functionality shall maintain the existing accessibility standards of the application (WCAG 2.1 AA compliance).

NFR-4: The system shall be able to handle at least 50 concurrent users performing searches without significant performance degradation (response time increase of no more than 20%).

NFR-5: The search functionality shall be scalable to support books up to 2000 pages without significant performance degradation.

NFR-6: The application should log search queries (anonymized to protect PII) for auditing and performance monitoring.

NFR-7: The system should be maintainable. The code related to the search feature should be modular, well-documented, and follow established coding standards.

NFR-8: The search function shall not consume more than 100MB of memory during typical operation.

NFR-9: The search function shall be resilient to errors. If a search fails, it should not crash the application but rather display an appropriate error message to the user.
",1077,2821,24,9,3,1,1,4.48,235,626,861,"{'model_name': 'gemini-2.0-flash-001', 'temperature': 1.0, 'top_p': 0.95, 'top_k': 40}"
"{'text': 'As a user, I want to be able to search for specific words or phrases within a book so that I can quickly find information.', 'context': 'Application for E-book reading'}",Contextual,precise,"
BUSINESS CONTEXT:
Application for E-book reading

USER STORY:
As a user, I want to be able to search for specific words or phrases within a book so that I can quickly find information.

TASK:
Using the business context provided, convert the user story into specific, measurable, achievable, relevant, and time-bound software requirements that address:
1. Core functionality needed
2. Integration with existing systems
3. Performance considerations under peak load
4. Monitoring and error handling requirements
5. User experience factors

I want you to only share the specific, measurable, achievable, relevant, and time-bound functiona functional (FR) and nonfunctional (NFR) requirements as follows and do not share your reasoning with me: 

FR-1: 
FR-2:
NFR-1: 
NFR-2:
and so on..
","FR-1: The application shall provide a search function that allows users to input a search query (single word or phrase) and locate all occurrences of the query within the currently opened e-book.

FR-2: The search function shall highlight all instances of the search query within the e-book text.

FR-3: The application shall display the total number of search results found for a given query within 1 second of initiating the search.

FR-4: The application shall provide navigable links to each search result, allowing the user to jump directly to the corresponding location in the e-book.

FR-5: The search function shall support case-insensitive searching.

FR-6: The search function shall support searching within e-books formatted as EPUB and PDF.

FR-7: The search function shall integrate with the existing e-book parsing module to extract text content for searching.

FR-8: The search function shall return search results within 3 seconds for e-books up to 500 pages in length.

NFR-1: The search function shall maintain an average response time of less than 5 seconds under peak load (100 concurrent users searching simultaneously).

NFR-2: The application shall log all search errors (e.g., parsing errors, invalid search queries) to a central logging system.

NFR-3: The application shall display a user-friendly error message if the search function fails, providing guidance on how to resolve the issue (e.g., ""Invalid search query. Please try again."").

NFR-4: The search function shall consume no more than 20% of CPU resources during peak load.

NFR-5: The search results shall be displayed in a clear and readable format, with sufficient contrast between the highlighted search term and the surrounding text.

NFR-6: The search input field shall be easily accessible and prominently displayed within the e-book reading interface.

NFR-7: The application shall provide visual feedback (e.g., a loading indicator) while the search is in progress.

NFR-8: The application shall be tested for search functionality on at least 10 different e-books (5 EPUB, 5 PDF) of varying lengths and complexities before release.
",784,2127,16,8,4,1,2,3.26,186,477,663,"{'model_name': 'gemini-2.0-flash-001', 'temperature': 0.2, 'top_p': 0.95, 'top_k': 40}"
"{'text': 'As a user, I want to be able to search for specific words or phrases within a book so that I can quickly find information.', 'context': 'Application for E-book reading'}",Contextual,default,"
BUSINESS CONTEXT:
Application for E-book reading

USER STORY:
As a user, I want to be able to search for specific words or phrases within a book so that I can quickly find information.

TASK:
Using the business context provided, convert the user story into specific, measurable, achievable, relevant, and time-bound software requirements that address:
1. Core functionality needed
2. Integration with existing systems
3. Performance considerations under peak load
4. Monitoring and error handling requirements
5. User experience factors

I want you to only share the specific, measurable, achievable, relevant, and time-bound functiona functional (FR) and nonfunctional (NFR) requirements as follows and do not share your reasoning with me: 

FR-1: 
FR-2:
NFR-1: 
NFR-2:
and so on..
","FR-1: The application shall provide a search function that allows users to input a text string (up to 255 characters) and locate all occurrences of that string within the currently open e-book.

FR-2: The search function shall highlight all search result occurrences within the e-book text.

FR-3: The application shall provide a navigation mechanism (e.g., ""Next Result,"" ""Previous Result"" buttons) to allow users to move between search result occurrences.

FR-4: The search function shall support case-insensitive searching by default.

FR-5: The search function shall integrate with the existing e-book file parsing module to access and search the book's content.

FR-6: The search function should return a maximum of 1000 results.

NFR-1: The search function shall return the first set of search results within 2 seconds for e-books up to 5MB in size under typical network conditions (minimum 20 Mbps download speed).

NFR-2: Under peak load (100 concurrent users searching simultaneously), the average search response time shall not exceed 5 seconds for e-books up to 5MB in size.

NFR-3: The application shall log all search errors (e.g., file parsing errors, invalid search terms) to a central error log with timestamps and user IDs.

NFR-4: The application shall display a user-friendly error message if the search function fails (e.g., ""Search failed. Please try again later."").

NFR-5: The search function's user interface shall be intuitive and easily accessible from the main e-book reading screen.

NFR-6: The font size and color of highlighted search results shall be customizable by the user through the application settings.

NFR-7: The search functionality must be compatible with e-books in EPUB and PDF formats.

NFR-8: The search function should consume no more than 50MB of RAM during operation on a device with 2GB RAM available.
",784,1852,14,8,4,1,1,3.09,186,436,622,"{'model_name': 'gemini-2.0-flash-001', 'temperature': 0.7, 'top_p': 0.95, 'top_k': 40}"
"{'text': 'As a user, I want to be able to search for specific words or phrases within a book so that I can quickly find information.', 'context': 'Application for E-book reading'}",Contextual,creative,"
BUSINESS CONTEXT:
Application for E-book reading

USER STORY:
As a user, I want to be able to search for specific words or phrases within a book so that I can quickly find information.

TASK:
Using the business context provided, convert the user story into specific, measurable, achievable, relevant, and time-bound software requirements that address:
1. Core functionality needed
2. Integration with existing systems
3. Performance considerations under peak load
4. Monitoring and error handling requirements
5. User experience factors

I want you to only share the specific, measurable, achievable, relevant, and time-bound functiona functional (FR) and nonfunctional (NFR) requirements as follows and do not share your reasoning with me: 

FR-1: 
FR-2:
NFR-1: 
NFR-2:
and so on..
","FR-1: The application shall provide a search function that allows users to input a word or phrase and locate all occurrences of that word or phrase within the currently opened e-book.

FR-2: The search function shall support case-insensitive searching.

FR-3: The search function shall display the search results, showing the page number and a brief context (e.g., a sentence or short paragraph) where each occurrence is found.

FR-4: Upon selecting a search result, the application shall navigate the user to the corresponding page in the e-book within 0.5 seconds.

FR-5: The search function shall indicate the total number of occurrences found for the search term within the e-book.

FR-6: The search function should integrate with the existing e-book file parsing module to extract text content for indexing within 1 second per 1 MB of e-book file size.

FR-7: The search function shall support searching across e-books in EPUB, PDF, and TXT formats by the end of Q3 2024.

NFR-1: The search function shall return the first 100 search results within 2 seconds under peak load (defined as 100 concurrent searches).

NFR-2: The application shall log all search errors (e.g., file parsing errors, invalid search terms) with timestamps and error messages to a centralized logging system.

NFR-3: The search functionality must maintain application accessibility standards outlined in WCAG 2.1 Level AA.

NFR-4: The application shall display a loading indicator while the search function is processing, disappearing upon completion or error.

NFR-5: The search index shall be updated automatically upon opening a new e-book within 5 seconds for files under 10 MB and within 15 seconds for files over 10 MB.

NFR-6: The search function shall have a success rate of 99.9% based on automated testing, measured weekly.
",784,1813,13,6,3,1,2,3.25,186,425,611,"{'model_name': 'gemini-2.0-flash-001', 'temperature': 1.0, 'top_p': 0.95, 'top_k': 40}"
"{'text': 'As a user, I want to be able to search for specific words or phrases within a book so that I can quickly find information.', 'context': 'Application for E-book reading'}",Tree of Thoughts,precise,"
Let's approach this user story by exploring multiple thought branches to ensure comprehensive requirements.

USER STORY:
As a user, I want to be able to search for specific words or phrases within a book so that I can quickly find information.

TREE OF THOUGHTS:

Branch 1: Core Functionality
- What is the primary action or functionality being requested?
- What triggers this functionality?
- What systems or components are involved?
- What are the expected outcomes or results?
- Branch 1 Requirements: [requirements focused on core functionality]

Branch 2: User Experience Considerations
- How will users interact with this feature?
- What information should be presented to users?
- What design/interface elements are needed?
- How does this impact the overall user experience?
- Branch 2 Requirements: [requirements focused on user experience]

Branch 3: Data Management
- What data needs to be captured or processed?
- Where and how is data stored?
- How is data security and privacy maintained?
- What data transformations or calculations are required?
- Branch 3 Requirements: [requirements focused on data handling]

Branch 4: Error Handling and Edge Cases
- What can go wrong with this functionality?
- How should errors be managed and communicated?
- What alternative paths or fallbacks exist?
- How are exceptions logged and monitored?
- Branch 4 Requirements: [requirements focused on error handling]

CONSOLIDATED REQUIREMENTS:
[Combine the most important requirements from each branch into a cohesive set]

I want you to only share the specific, measurable, achievable, relevant, and time-bound functional (FR) and nonfunctional (NFR) requirements as follows and do not share your reasoning with me: : 

FR-1: 
FR-2:
NFR-1: 
NFR-2:
and so on..
","FR-1: The system shall allow users to enter a search query consisting of one or more words or phrases.
FR-2: The system shall return a list of all occurrences of the search query within the book, displaying the page number and surrounding context (e.g., a sentence or paragraph).
FR-3: The system shall highlight the search query within the displayed context.
FR-4: The system shall provide a mechanism for users to navigate directly to the page containing a specific search result.
FR-5: The system shall support case-insensitive searching.
FR-6: The system shall display a message indicating ""No results found"" if the search query does not exist in the book.

NFR-1: The search functionality shall return results within 3 seconds for books up to 500 pages.
NFR-2: The search functionality shall be accessible and usable on all supported devices (desktop, tablet, mobile).
NFR-3: The system shall maintain the user's search history for the current session.
NFR-4: The search functionality shall be resilient to common input errors, such as special characters or invalid syntax, without crashing the application.
",1761,1113,10,4,4,1,1,2.19,397,249,646,"{'model_name': 'gemini-2.0-flash-001', 'temperature': 0.2, 'top_p': 0.95, 'top_k': 40}"
"{'text': 'As a user, I want to be able to search for specific words or phrases within a book so that I can quickly find information.', 'context': 'Application for E-book reading'}",Tree of Thoughts,default,"
Let's approach this user story by exploring multiple thought branches to ensure comprehensive requirements.

USER STORY:
As a user, I want to be able to search for specific words or phrases within a book so that I can quickly find information.

TREE OF THOUGHTS:

Branch 1: Core Functionality
- What is the primary action or functionality being requested?
- What triggers this functionality?
- What systems or components are involved?
- What are the expected outcomes or results?
- Branch 1 Requirements: [requirements focused on core functionality]

Branch 2: User Experience Considerations
- How will users interact with this feature?
- What information should be presented to users?
- What design/interface elements are needed?
- How does this impact the overall user experience?
- Branch 2 Requirements: [requirements focused on user experience]

Branch 3: Data Management
- What data needs to be captured or processed?
- Where and how is data stored?
- How is data security and privacy maintained?
- What data transformations or calculations are required?
- Branch 3 Requirements: [requirements focused on data handling]

Branch 4: Error Handling and Edge Cases
- What can go wrong with this functionality?
- How should errors be managed and communicated?
- What alternative paths or fallbacks exist?
- How are exceptions logged and monitored?
- Branch 4 Requirements: [requirements focused on error handling]

CONSOLIDATED REQUIREMENTS:
[Combine the most important requirements from each branch into a cohesive set]

I want you to only share the specific, measurable, achievable, relevant, and time-bound functional (FR) and nonfunctional (NFR) requirements as follows and do not share your reasoning with me: : 

FR-1: 
FR-2:
NFR-1: 
NFR-2:
and so on..
","FR-1: The system shall provide a search input field where users can enter words or phrases to search for within a book.
FR-2: The system shall return a list of search results displaying the page number and a snippet of the text containing the search term(s).
FR-3: The system shall highlight the search term(s) within the text snippet of each search result.
FR-4: The system shall allow users to navigate directly to the page in the book from each search result.
FR-5: The system shall support searching for exact phrases enclosed in quotation marks.
FR-6: The system shall return a ""no results found"" message if the search term(s) are not found in the book.
FR-7: The system shall ignore case when searching (case-insensitive search).

NFR-1: Search results shall be returned within 2 seconds for books up to 500 pages.
NFR-2: The search functionality shall be accessible on all supported devices (desktop, tablet, mobile).
NFR-3: The search functionality shall maintain the user's privacy by not storing search queries after the session ends.
NFR-4: The system shall handle books with a minimum size of 10 pages.
NFR-5: The search function should consume less than 10% of CPU when being used.
",1761,1195,12,5,4,1,2,2.39,397,290,687,"{'model_name': 'gemini-2.0-flash-001', 'temperature': 0.7, 'top_p': 0.95, 'top_k': 40}"
"{'text': 'As a user, I want to be able to search for specific words or phrases within a book so that I can quickly find information.', 'context': 'Application for E-book reading'}",Tree of Thoughts,creative,"
Let's approach this user story by exploring multiple thought branches to ensure comprehensive requirements.

USER STORY:
As a user, I want to be able to search for specific words or phrases within a book so that I can quickly find information.

TREE OF THOUGHTS:

Branch 1: Core Functionality
- What is the primary action or functionality being requested?
- What triggers this functionality?
- What systems or components are involved?
- What are the expected outcomes or results?
- Branch 1 Requirements: [requirements focused on core functionality]

Branch 2: User Experience Considerations
- How will users interact with this feature?
- What information should be presented to users?
- What design/interface elements are needed?
- How does this impact the overall user experience?
- Branch 2 Requirements: [requirements focused on user experience]

Branch 3: Data Management
- What data needs to be captured or processed?
- Where and how is data stored?
- How is data security and privacy maintained?
- What data transformations or calculations are required?
- Branch 3 Requirements: [requirements focused on data handling]

Branch 4: Error Handling and Edge Cases
- What can go wrong with this functionality?
- How should errors be managed and communicated?
- What alternative paths or fallbacks exist?
- How are exceptions logged and monitored?
- Branch 4 Requirements: [requirements focused on error handling]

CONSOLIDATED REQUIREMENTS:
[Combine the most important requirements from each branch into a cohesive set]

I want you to only share the specific, measurable, achievable, relevant, and time-bound functional (FR) and nonfunctional (NFR) requirements as follows and do not share your reasoning with me: : 

FR-1: 
FR-2:
NFR-1: 
NFR-2:
and so on..
","FR-1: The system shall provide a search input field within the book viewing interface.
FR-2: The system shall highlight all occurrences of the search term(s) within the book content.
FR-3: The system shall display the number of search results found.
FR-4: The system shall allow users to navigate between search results within the book.
FR-5: The system shall return search results within a maximum of 2 seconds.
FR-6: The system shall support searching for whole words and phrases.
FR-7: The system shall support case-insensitive searching.

NFR-1: The search functionality shall be accessible and usable on desktop and mobile devices.
NFR-2: The search function should be easily discoverable within the book viewing interface.
NFR-3: The system shall log search queries for analytical purposes, adhering to privacy regulations.
NFR-4: The search functionality shall maintain the existing visual design of the application.
NFR-5: The search function should remain functional when at least 100 concurrent users are searching.
",1761,1026,12,5,5,1,1,2.27,397,230,627,"{'model_name': 'gemini-2.0-flash-001', 'temperature': 1.0, 'top_p': 0.95, 'top_k': 40}"
"{'text': 'As a user, I want to be able to search for specific words or phrases within a book so that I can quickly find information.', 'context': 'Application for E-book reading'}",ReAct,precise,"
Let's solve this requirement engineering task using a Reasoning-Action loop.

USER STORY:
As a user, I want to be able to search for specific words or phrases within a book so that I can quickly find information.

REASONING STEP 1:
Let's identify the core functionality requested in this user story. What is the primary action or outcome the user expects?

ACTION STEP 1:
FR-1: [Primary functional requirement based on the core need]
FR-2: [Secondary functional requirement that supports the core need]

REASONING STEP 2:
Now let's consider the triggers, conditions, and context for this functionality. What needs to happen before, during, and after the main function?

ACTION STEP 2:
FR-3: [Requirement related to preconditions or triggers]
FR-4: [Requirement related to process steps or data handling]

REASONING STEP 3:
We need to consider reliability, error conditions, and alternative paths. What happens when things don't work as expected?

ACTION STEP 3:
FR-5: [Requirement addressing error handling or alternative flows]
FR-6: [Requirement addressing backup functionality or notifications]
NFR-1: [Non-functional requirement related to performance or timing]

REASONING STEP 4:
Let's consider user experience, accessibility, and other quality attributes important for this feature.

ACTION STEP 4:
NFR-2: [Non-functional requirement related to user interface or experience]
NFR-3: [Non-functional requirement related to quality attributes like accessibility or security]

FINAL REQUIREMENTS:
[Comprehensive list of all requirements developed through the reasoning-action process]

I want you to only share the specific, measurable, achievable, relevant, and time-bound functional (FR) and nonfunctional (NFR) requirements as follows and do not share your reasoning with me: : 

FR-1: 
FR-2:
NFR-1: 
NFR-2:
and so on..
","FR-1: The system shall allow the user to enter a search query consisting of one or more words or phrases.
FR-2: The system shall highlight all occurrences of the search query within the book content.
FR-3: The system shall require the user to have a book open before initiating a search.
FR-4: The system shall display the number of search results found.
FR-5: If the search query is not found, the system shall display a message indicating ""No results found.""
FR-6: The system shall provide a ""Clear Search"" button to remove the search query and highlighting.
NFR-1: The search function shall return results within 2 seconds for books up to 500 pages.
NFR-2: The search results shall be clearly highlighted and easily distinguishable from the surrounding text.
NFR-3: The search functionality shall be keyboard accessible, allowing users to navigate and initiate searches using keyboard commands.
",1827,898,9,3,5,2,1,2.22,435,202,637,"{'model_name': 'gemini-2.0-flash-001', 'temperature': 0.2, 'top_p': 0.95, 'top_k': 40}"
"{'text': 'As a user, I want to be able to search for specific words or phrases within a book so that I can quickly find information.', 'context': 'Application for E-book reading'}",ReAct,default,"
Let's solve this requirement engineering task using a Reasoning-Action loop.

USER STORY:
As a user, I want to be able to search for specific words or phrases within a book so that I can quickly find information.

REASONING STEP 1:
Let's identify the core functionality requested in this user story. What is the primary action or outcome the user expects?

ACTION STEP 1:
FR-1: [Primary functional requirement based on the core need]
FR-2: [Secondary functional requirement that supports the core need]

REASONING STEP 2:
Now let's consider the triggers, conditions, and context for this functionality. What needs to happen before, during, and after the main function?

ACTION STEP 2:
FR-3: [Requirement related to preconditions or triggers]
FR-4: [Requirement related to process steps or data handling]

REASONING STEP 3:
We need to consider reliability, error conditions, and alternative paths. What happens when things don't work as expected?

ACTION STEP 3:
FR-5: [Requirement addressing error handling or alternative flows]
FR-6: [Requirement addressing backup functionality or notifications]
NFR-1: [Non-functional requirement related to performance or timing]

REASONING STEP 4:
Let's consider user experience, accessibility, and other quality attributes important for this feature.

ACTION STEP 4:
NFR-2: [Non-functional requirement related to user interface or experience]
NFR-3: [Non-functional requirement related to quality attributes like accessibility or security]

FINAL REQUIREMENTS:
[Comprehensive list of all requirements developed through the reasoning-action process]

I want you to only share the specific, measurable, achievable, relevant, and time-bound functional (FR) and nonfunctional (NFR) requirements as follows and do not share your reasoning with me: : 

FR-1: 
FR-2:
NFR-1: 
NFR-2:
and so on..
","FR-1: The system shall allow the user to enter a search query consisting of one or more words or phrases.
FR-2: The system shall highlight all occurrences of the search query within the book text.
FR-3: The book must be loaded into the system before a search can be performed.
FR-4: The system shall display the number of search results found.
FR-5: If no results are found, the system shall display a ""No results found"" message to the user.
FR-6: The system shall provide a method to navigate between search result occurrences (e.g., ""Next"" and ""Previous"" buttons).
NFR-1: The search operation shall return results within 2 seconds for a book of 500 pages.
NFR-2: The search results highlighting shall be visually distinct and easily identifiable.
NFR-3: The system shall support keyboard navigation for initiating and navigating search results.
",1827,847,9,3,4,1,1,1.62,435,201,636,"{'model_name': 'gemini-2.0-flash-001', 'temperature': 0.7, 'top_p': 0.95, 'top_k': 40}"
"{'text': 'As a user, I want to be able to search for specific words or phrases within a book so that I can quickly find information.', 'context': 'Application for E-book reading'}",ReAct,creative,"
Let's solve this requirement engineering task using a Reasoning-Action loop.

USER STORY:
As a user, I want to be able to search for specific words or phrases within a book so that I can quickly find information.

REASONING STEP 1:
Let's identify the core functionality requested in this user story. What is the primary action or outcome the user expects?

ACTION STEP 1:
FR-1: [Primary functional requirement based on the core need]
FR-2: [Secondary functional requirement that supports the core need]

REASONING STEP 2:
Now let's consider the triggers, conditions, and context for this functionality. What needs to happen before, during, and after the main function?

ACTION STEP 2:
FR-3: [Requirement related to preconditions or triggers]
FR-4: [Requirement related to process steps or data handling]

REASONING STEP 3:
We need to consider reliability, error conditions, and alternative paths. What happens when things don't work as expected?

ACTION STEP 3:
FR-5: [Requirement addressing error handling or alternative flows]
FR-6: [Requirement addressing backup functionality or notifications]
NFR-1: [Non-functional requirement related to performance or timing]

REASONING STEP 4:
Let's consider user experience, accessibility, and other quality attributes important for this feature.

ACTION STEP 4:
NFR-2: [Non-functional requirement related to user interface or experience]
NFR-3: [Non-functional requirement related to quality attributes like accessibility or security]

FINAL REQUIREMENTS:
[Comprehensive list of all requirements developed through the reasoning-action process]

I want you to only share the specific, measurable, achievable, relevant, and time-bound functional (FR) and nonfunctional (NFR) requirements as follows and do not share your reasoning with me: : 

FR-1: 
FR-2:
NFR-1: 
NFR-2:
and so on..
","FR-1: The system shall allow the user to enter a search query consisting of one or more words or phrases.
FR-2: The system shall highlight all instances of the search query within the book content.
FR-3: The system shall require a book to be opened or loaded before the search functionality is available.
FR-4: The system shall display the number of search results found.
FR-5: The system shall display a ""No results found"" message if the search query does not exist in the book.
FR-6: The system shall provide a ""clear search"" button to remove the search query and highlighting.
NFR-1: The system shall display search results within 2 seconds for books up to 500 pages.
NFR-2: The search results highlighting shall be visually distinct from the surrounding text using a contrasting color.
NFR-3: The search functionality shall be accessible using keyboard navigation.
",1827,869,9,3,4,2,1,1.76,435,199,634,"{'model_name': 'gemini-2.0-flash-001', 'temperature': 1.0, 'top_p': 0.95, 'top_k': 40}"
